<application>
  <component name="InlayHintsSettings">
    <option name="disabledHintProviderIds">
      <set>
        <option value="JAVA.JavaLens" />
      </set>
    </option>
    <option name="lastViewedProviderKeyId" value="JavaLens" />
    <settingsMapElement>
      <JAVA.JavaLens>
        <JavaLensSettings>
          <option name="showImplementations" value="true" />
          <option name="showUsages" value="true" />
        </JavaLensSettings>
      </JAVA.JavaLens>
    </settingsMapElement>
  </component>
</application>